Country Group Name,Subject Descriptor,Units,1980,1981,1982,1983,1984,1985,1986,1987,1988,1989,1990,1991,1992,1993,1994,1995,1996,1997,1998,1999,2000,2001,2002,2003,2004,2005,2006,2007,2008,2009,2010,2011,2012,2013,2014,2015,2016,2017,2018,2019,2020
World,"Gross domestic product, constant prices",Percent change,2.07,1.86,0.56,2.78,4.55,3.63,3.66,3.94,4.64,3.80,3.45,2.62,2.28,2.09,3.26,3.33,3.85,4.00,2.58,3.58,4.81,2.46,2.99,4.28,5.42,4.91,5.47,5.57,3.02,-0.08,5.41,4.29,3.51,3.48,3.59,3.46,3.39,3.81,3.61,3.01,3.41
World,"Gross domestic product, constant prices",Percent change (market exchange rates),1.66,1.97,0.36,2.83,4.81,3.64,3.40,3.80,4.54,3.79,3.24,1.93,2.53,1.48,3.20,2.93,3.30,3.50,2.36,3.18,4.22,1.70,1.98,2.89,4.04,3.59,3.98,3.83,1.52,-1.99,4.12,3.08,2.47,2.61,2.85,2.82,2.57,3.23,3.08,2.47,2.75
World,Investment,Percent of GDP,26.39,25.85,24.42,23.89,24.95,24.62,24.39,24.73,25.67,26.11,24.12,23.62,24.04,23.60,23.95,24.20,24.06,24.05,23.77,23.71,24.23,23.43,22.76,22.99,23.71,24.11,24.67,25.27,25.29,23.24,24.45,25.28,25.46,25.54,25.80,25.96,25.41,25.96,26.32,26.22,26.31
World,Gross national savings,Percent of GDP,23.84,23.60,22.30,21.52,22.70,22.28,22.23,22.81,24.04,24.17,23.77,23.27,22.57,22.48,22.68,23.26,23.65,23.97,23.68,23.50,24.09,23.23,22.62,22.86,23.81,24.31,25.38,25.57,25.08,23.15,24.81,25.83,26.23,26.21,26.65,26.52,25.96,26.53,26.71,26.55,26.45
World,"Inflation, average consumer prices",Percent change,17.46,15.20,14.29,13.50,14.14,13.86,11.83,14.63,19.74,23.22,26.68,17.26,39.90,40.51,31.90,16.31,9.35,6.50,6.33,6.28,4.85,4.63,3.68,3.91,3.80,4.04,4.04,4.31,6.31,2.77,3.73,5.06,4.07,3.66,3.23,2.77,2.77,3.20,3.62,3.41,3.56
World,Trade volume of goods and services,Percent change,2.96,3.10,-1.59,1.57,8.64,2.62,4.40,6.56,8.93,8.22,6.85,5.68,5.58,2.96,9.44,9.56,6.49,9.95,4.58,5.15,12.35,0.58,3.79,5.91,11.08,7.96,9.36,8.06,3.16,-10.40,12.81,6.97,3.08,3.62,3.88,2.84,2.26,5.65,3.56,1.13,3.22
World,Volume of imports of goods and services,Percent change,1.67,2.14,-1.55,1.71,8.89,2.31,5.13,7.24,8.92,8.58,6.70,4.67,5.33,2.18,10.30,9.54,6.81,9.71,4.87,5.74,12.52,0.63,3.73,6.13,11.02,8.06,9.17,8.24,3.23,-10.78,12.65,7.14,3.02,3.50,4.04,2.75,2.28,5.72,3.75,0.99,3.33
World,Volume of imports of goods,Percent change,1.29,1.26,-1.51,2.75,10.10,3.27,6.13,6.92,9.86,7.86,6.57,5.19,6.42,2.97,10.76,10.28,7.07,10.24,4.92,6.11,13.14,0.11,3.85,6.93,11.39,8.39,9.35,8.11,3.19,-12.22,13.99,7.89,2.56,3.18,3.09,2.11,2.23,6.02,4.06,0.80,3.50
World,Volume of exports of goods and services,Percent change,4.28,4.04,-1.64,1.44,8.40,2.93,3.69,5.91,8.95,7.86,7.00,6.70,5.83,3.73,8.61,9.57,6.18,10.19,4.30,4.58,12.19,0.53,3.85,5.70,11.13,7.86,9.56,7.88,3.09,-10.01,12.97,6.79,3.14,3.75,3.72,2.92,2.25,5.58,3.38,1.26,3.12
World,Volume of exports of goods,Percent change,4.07,4.42,-2.17,1.88,9.00,3.52,3.35,6.10,9.57,7.63,6.30,6.67,6.63,4.18,9.15,10.10,5.93,11.03,4.25,5.00,13.00,0.25,3.86,6.36,11.00,7.93,9.61,7.26,2.65,-11.28,14.73,7.03,3.16,3.43,2.96,2.38,2.05,5.62,3.40,0.97,3.17
World,Terms of trade of goods and services,Percent change,,,,,,,,,,,,,,,,,,,,,,,,,,,,,,,,,,,,,,,,,
World,Unemployment rate,Percent of total labor force,,,,,,,,,,,,,,,,,,,,,,,,,,,,,,,,,,,,,,,,,
World,Employment,"Index, 2000=100",,,,,,,,,,,,,,,,,,,,,,,,,,,,,,,,,,,,,,,,,
Advanced economies,"Gross domestic product, constant prices",Percent change,1.32,1.99,0.23,3.19,4.86,3.71,3.30,3.80,4.80,3.97,3.07,1.59,2.26,1.35,3.37,2.92,3.05,3.50,2.82,3.63,4.07,1.58,1.72,2.06,3.27,2.84,3.09,2.71,0.24,-3.29,3.09,1.74,1.20,1.39,2.09,2.33,1.73,2.46,2.27,1.68,1.67
Advanced economies,"Gross domestic product, constant prices",Percent change (market exchange rates),,,,,,,,,,,,,,,,,,,,,,,,,,,,,,,,,,,,,,,,,
Advanced economies,Investment,Percent of GDP,26.25,25.55,24.03,23.73,25.11,24.63,24.57,24.96,25.78,26.08,25.70,24.70,23.96,23.36,23.72,24.02,23.92,23.89,23.70,23.78,24.24,23.05,22.23,22.20,22.66,23.17,23.62,23.61,22.96,19.87,20.70,21.28,21.25,21.19,21.53,21.65,21.39,21.77,22.00,21.96,21.97
Advanced economies,Gross national savings,Percent of GDP,23.50,23.47,22.48,21.70,23.11,22.61,22.77,23.14,24.43,24.34,23.67,23.45,22.68,22.45,22.74,23.26,23.77,24.17,24.05,23.57,23.76,22.70,21.77,21.57,22.21,22.32,23.04,22.71,21.24,19.21,20.60,21.29,21.78,21.94,22.59,22.80,22.34,22.72,22.63,22.50,22.44
Advanced economies,"Inflation, average consumer prices",Percent change,13.59,11.09,8.31,5.97,6.37,5.38,2.87,3.17,3.55,4.73,4.88,4.73,3.54,3.19,2.65,2.63,2.49,2.10,1.55,1.40,2.25,2.18,1.53,1.85,2.02,2.32,2.37,2.19,3.43,0.18,1.54,2.70,1.98,1.38,1.38,0.31,0.76,1.71,1.96,1.49,1.76
Advanced economies,Trade volume of goods and services,Percent change,,,,,,,,,,,,,,,,,,,,,,,,,,,,,,,,,,,,,,,,,
Advanced economies,Volume of imports of goods and services,Percent change,-0.92,-0.10,-0.30,3.21,11.46,4.08,7.43,7.97,9.48,8.56,6.02,3.48,4.81,1.00,11.25,9.41,6.87,9.35,6.08,7.91,12.11,-0.22,2.99,4.49,9.34,6.76,7.86,5.36,0.39,-11.48,11.60,5.37,1.73,2.57,3.89,4.83,2.58,4.75,2.98,1.19,2.75
Advanced economies,Volume of imports of goods,Percent change,-1.04,-0.84,-0.29,4.20,12.30,4.87,7.84,7.59,9.91,7.86,5.32,4.24,6.18,1.65,11.40,10.15,6.81,10.01,5.93,8.38,12.88,-0.99,3.10,5.28,9.77,7.14,8.28,4.98,-0.01,-12.94,13.33,6.04,1.12,2.26,3.35,3.78,2.23,4.97,3.51,1.05,2.77
Advanced economies,Volume of exports of goods and services,Percent change,6.09,4.67,-0.82,2.41,9.78,4.37,3.72,5.93,8.84,7.87,7.11,6.77,5.33,2.93,8.80,9.31,6.27,10.60,4.16,5.67,11.97,-0.37,2.82,3.33,9.70,6.36,8.88,6.90,1.91,-10.99,12.10,6.19,2.93,3.16,3.95,3.82,1.83,4.65,3.06,0.91,2.52
Advanced economies,Volume of exports of goods,Percent change,6.51,4.99,-0.95,3.28,10.49,4.78,3.26,6.08,9.22,7.46,6.15,6.54,6.04,3.25,9.58,10.12,5.91,11.64,3.68,5.63,12.68,-0.77,2.74,3.80,9.59,6.42,9.20,6.21,1.42,-12.89,14.35,6.42,2.69,2.56,3.17,3.22,1.51,4.74,3.13,0.61,2.64
Advanced economies,Terms of trade of goods and services,Percent change,-7.77,-1.77,1.34,1.42,0.05,0.32,6.68,0.75,0.98,-0.11,-1.17,-1.57,0.55,0.79,1.40,-0.14,-0.16,-0.48,1.40,-0.59,-2.17,0.25,0.93,1.18,-0.28,-1.25,-1.22,0.33,-2.15,2.60,-0.83,-1.53,-0.67,0.96,0.26,1.83,1.24,-0.20,-0.71,-0.02,-0.06
Advanced economies,Unemployment rate,Percent of total labor force,5.59,6.33,7.60,7.92,7.50,7.35,7.26,6.89,6.34,5.88,5.80,6.41,7.06,7.55,7.41,7.09,7.11,6.86,6.83,6.56,6.03,6.07,6.53,6.73,6.52,6.25,5.80,5.41,5.81,8.06,8.31,7.98,8.02,7.91,7.28,6.67,6.22,5.64,5.10,4.89,4.79
Advanced economies,Employment,"Index, 2000=100",77.98,78.34,78.09,78.50,79.76,80.86,82.24,83.85,85.52,87.20,88.58,88.78,88.79,88.86,89.70,90.68,91.40,92.59,93.36,94.46,96.15,96.78,97.10,97.68,98.58,100.00,101.72,103.27,103.74,101.46,101.32,101.99,102.69,103.26,104.54,105.91,107.52,108.94,110.54,111.55,112.22
Euro area ,"Gross domestic product, constant prices",Percent change,n/a,n/a,n/a,n/a,n/a,n/a,n/a,n/a,n/a,n/a,n/a,n/a,1.39,-0.79,2.50,2.90,1.64,2.62,2.94,2.92,3.80,2.14,0.93,0.65,2.31,1.69,3.26,3.00,0.43,-4.52,2.10,1.64,-0.88,-0.26,1.41,2.10,1.90,2.54,1.94,1.16,1.39
Euro area ,"Gross domestic product, constant prices",Percent change (market exchange rates),,,,,,,,,,,,,,,,,,,,,,,,,,,,,,,,,,,,,,,,,
Euro area ,Investment,Percent of GDP,n/a,n/a,n/a,n/a,n/a,n/a,n/a,n/a,n/a,n/a,n/a,26.21,24.64,22.45,23.48,22.30,21.63,21.79,22.56,22.92,23.56,22.97,22.01,21.99,22.20,22.48,23.47,24.21,23.73,20.48,21.08,21.64,20.14,19.76,20.13,20.59,20.90,21.32,21.64,21.67,21.82
Euro area ,Gross national savings,Percent of GDP,n/a,n/a,n/a,n/a,n/a,n/a,n/a,n/a,n/a,n/a,n/a,22.89,22.31,21.98,22.24,22.65,22.38,23.17,23.41,23.51,23.21,23.13,22.82,22.52,23.50,23.05,23.98,24.57,23.16,21.02,21.64,22.51,22.41,22.52,22.99,23.81,24.33,24.92,25.10,25.04,25.05
Euro area ,"Inflation, average consumer prices",Percent change,n/a,n/a,n/a,n/a,n/a,n/a,n/a,n/a,n/a,n/a,n/a,n/a,3.62,3.26,2.70,2.44,1.61,1.71,1.22,1.17,2.19,2.42,2.27,2.12,2.18,2.20,2.21,2.17,3.35,0.32,1.61,2.73,2.50,1.35,0.43,0.19,0.24,1.54,1.76,1.23,1.38
Euro area ,Trade volume of goods and services,Percent change,,,,,,,,,,,,,,,,,,,,,,,,,,,,,,,,,,,,,,,,,
Euro area ,Volume of imports of goods and services,Percent change,2.77,-2.35,0.84,0.31,5.57,4.48,5.42,7.93,7.69,9.33,7.73,6.29,3.54,-4.59,8.81,8.52,4.27,9.68,10.34,7.50,11.90,2.75,1.12,3.24,6.90,5.90,8.48,7.06,-0.06,-11.55,9.39,4.35,-1.28,1.81,4.58,7.47,3.99,4.57,2.62,2.56,3.30
Euro area ,Volume of imports of goods,Percent change,3.77,-4.16,0.86,0.31,5.93,4.77,6.25,8.40,8.65,9.64,7.62,7.27,2.52,-5.68,10.41,9.26,3.69,9.79,10.30,7.39,12.17,1.90,1.19,3.81,7.61,6.08,9.20,6.80,-0.41,-12.68,10.40,4.84,-2.10,0.87,3.96,5.66,4.06,4.87,3.36,2.60,3.28
Euro area ,Volume of exports of goods and services,Percent change,3.66,5.50,1.10,3.00,8.08,4.30,0.50,3.01,6.82,9.04,7.30,8.58,3.53,1.07,9.20,8.53,4.96,11.10,7.26,5.45,13.08,4.28,2.65,0.94,7.92,5.16,8.75,7.12,0.42,-12.43,10.77,6.51,2.43,2.35,4.48,6.30,2.71,5.34,3.30,2.15,2.87
Euro area ,Volume of exports of goods,Percent change,3.48,6.33,0.99,3.11,8.28,4.78,1.09,3.50,7.77,9.38,6.07,8.14,2.97,1.37,10.66,9.81,4.85,10.82,6.57,5.25,13.22,4.22,2.48,1.26,8.05,5.13,9.31,7.37,-0.27,-14.16,12.40,6.83,2.01,1.63,3.56,5.78,2.48,5.10,3.07,2.06,2.89
Euro area ,Terms of trade of goods and services,Percent change,-7.51,-5.04,2.08,0.69,-0.74,0.77,9.46,1.70,0.86,-0.89,-1.07,-5.02,1.12,0.30,-0.03,-0.10,0.12,-0.47,1.76,-0.47,-3.11,0.59,1.64,1.51,-0.73,-1.22,-1.42,0.60,-1.75,3.14,-2.10,-2.22,-0.66,0.92,0.65,2.22,1.23,-1.08,-1.23,0.12,0.36
Euro area ,Unemployment rate,Percent of total labor force,n/a,n/a,n/a,n/a,n/a,n/a,n/a,n/a,n/a,n/a,n/a,8.21,9.11,9.96,10.62,10.65,10.80,10.80,10.48,9.78,8.96,8.43,8.67,9.06,9.25,9.09,8.38,7.53,7.59,9.65,10.21,10.22,11.39,12.03,11.61,10.87,10.03,9.07,8.20,7.66,7.47
Euro area ,Employment,"Index, 2000=100",n/a,n/a,n/a,n/a,n/a,n/a,n/a,n/a,n/a,n/a,n/a,92.84,92.05,90.78,90.16,90.61,90.35,90.65,92.20,93.66,95.23,96.63,97.48,97.88,98.47,100.00,101.96,103.97,104.78,102.71,102.08,102.44,101.76,101.12,101.79,102.99,104.80,106.38,107.80,108.81,109.34
Major advanced economies (G7),"Gross domestic product, constant prices",Percent change,0.92,2.00,-0.07,3.32,5.01,3.80,3.08,3.50,4.73,3.79,2.81,1.23,2.15,1.16,3.04,2.50,2.77,3.19,2.90,3.21,3.73,1.29,1.23,1.91,2.91,2.59,2.62,2.03,-0.16,-3.65,2.83,1.63,1.39,1.44,1.97,2.15,1.47,2.26,2.12,1.63,1.57
Major advanced economies (G7),"Gross domestic product, constant prices",Percent change (market exchange rates),,,,,,,,,,,,,,,,,,,,,,,,,,,,,,,,,,,,,,,,,
Major advanced economies (G7),Investment,Percent of GDP,25.98,25.45,23.74,23.57,25.14,24.61,24.54,24.92,25.62,25.77,25.32,24.36,23.70,23.12,23.38,23.59,23.46,23.38,23.38,23.43,23.84,22.65,21.76,21.61,21.99,22.44,22.77,22.49,21.78,18.80,19.71,20.33,20.46,20.63,21.01,21.07,20.66,20.99,21.33,21.34,21.39
Major advanced economies (G7),Gross national savings,Percent of GDP,23.38,23.56,22.43,21.43,22.80,22.26,22.29,22.64,23.87,23.69,22.98,22.98,22.24,21.84,22.04,22.47,23.14,23.50,23.45,22.85,22.98,21.89,20.77,20.26,20.85,20.97,21.65,21.20,19.61,17.54,18.76,19.63,20.19,20.31,21.15,21.28,20.69,20.98,20.88,20.84,20.87
Major advanced economies (G7),"Inflation, average consumer prices",Percent change,12.40,10.28,7.28,4.77,4.61,3.89,2.07,2.75,3.20,4.43,4.44,4.34,3.19,2.84,2.19,2.26,2.19,1.96,1.24,1.38,2.13,1.92,1.28,1.76,1.98,2.33,2.34,2.17,3.19,-0.09,1.37,2.59,1.90,1.33,1.53,0.31,0.79,1.76,2.08,1.57,1.90
Major advanced economies (G7),Trade volume of goods and services,Percent change,,,,,,,,,,,,,,,,,,,,,,,,,,,,,,,,,,,,,,,,,
Major advanced economies (G7),Volume of imports of goods and services,Percent change,-2.19,-0.12,-0.72,4.31,13.66,4.23,6.34,6.96,8.31,8.13,5.58,2.31,4.22,0.28,11.26,7.97,6.62,9.57,7.76,8.25,11.58,-0.20,2.06,3.93,8.45,6.25,7.51,3.33,-0.69,-11.78,11.77,5.06,1.59,2.00,4.73,4.63,2.20,4.55,3.19,1.55,2.58
Major advanced economies (G7),Volume of imports of goods,Percent change,-3.59,-1.59,-1.16,5.26,14.31,5.02,7.54,6.60,8.86,7.22,4.57,3.47,6.53,0.88,10.90,8.96,6.68,10.21,8.20,9.10,12.64,-0.75,2.08,4.74,8.83,6.86,7.99,2.88,-1.06,-13.18,13.49,5.75,1.01,1.82,4.64,4.64,2.02,4.83,3.61,1.49,2.76
Major advanced economies (G7),Volume of exports of goods and services,Percent change,6.46,4.72,-1.41,1.52,9.89,4.62,1.81,4.38,8.30,8.97,7.67,7.20,4.63,1.84,7.88,8.53,5.89,10.87,3.82,4.26,10.91,-1.20,1.58,2.15,8.74,6.10,9.34,6.11,1.38,-13.11,12.54,5.98,2.60,2.02,4.59,3.13,1.22,4.61,2.57,0.73,2.18
Major advanced economies (G7),Volume of exports of goods,Percent change,5.91,4.80,-2.03,1.51,10.29,4.69,1.93,4.57,8.67,8.16,6.41,6.47,5.55,0.97,8.63,8.81,5.61,11.63,3.60,4.44,11.69,-1.49,0.93,2.17,8.08,6.23,9.68,5.24,1.09,-15.83,15.27,6.05,2.29,1.24,4.19,2.93,1.10,4.98,2.96,0.93,2.44
Major advanced economies (G7),Terms of trade of goods and services,Percent change,-8.73,-1.57,1.16,1.99,0.01,0.44,8.07,0.90,0.95,-0.84,-1.99,-2.52,0.73,0.78,2.21,-0.53,-0.41,-0.53,1.93,-0.20,-2.85,0.47,0.90,1.29,-0.13,-1.98,-1.80,0.24,-2.83,4.32,-1.69,-2.03,-0.59,1.22,0.81,2.20,1.94,-0.52,-0.66,0.56,0.25
Major advanced economies (G7),Unemployment rate,Percent of total labor force,5.62,6.37,7.78,7.94,7.28,7.13,7.07,6.72,6.14,5.73,5.68,6.32,6.93,7.09,6.89,6.62,6.64,6.42,6.24,6.04,5.64,5.87,6.44,6.62,6.35,6.15,5.74,5.40,5.84,8.02,8.13,7.63,7.36,7.07,6.37,5.79,5.44,4.97,4.53,4.35,4.28
Major advanced economies (G7),Employment,"Index, 2000=100",80.64,80.99,80.49,81.01,82.63,83.73,84.98,86.39,87.99,89.62,90.92,90.88,90.91,91.18,91.96,92.67,93.13,94.34,95.15,96.08,97.53,97.81,97.72,98.17,98.84,100.00,101.48,102.69,102.80,100.47,100.29,100.99,102.02,102.80,104.05,105.30,106.88,108.12,109.62,110.55,111.14
Other advanced economies (Advanced economies excluding G7 and euro area),"Gross domestic product, constant prices",Percent change,3.71,4.21,2.17,4.00,6.61,4.34,5.57,6.52,5.49,4.65,4.37,3.71,3.98,4.27,6.21,5.29,4.80,4.64,0.98,5.55,5.74,2.16,4.00,2.73,5.21,4.13,4.83,5.14,1.79,-0.78,5.99,3.42,2.20,2.48,2.94,2.25,2.42,2.94,2.56,1.61,1.95
Other advanced economies (Advanced economies excluding G7 and euro area),"Gross domestic product, constant prices",Percent change (market exchange rates),,,,,,,,,,,,,,,,,,,,,,,,,,,,,,,,,,,,,,,,,
Other advanced economies (Advanced economies excluding G7 and euro area),Investment,Percent of GDP,28.41,27.54,26.81,25.92,26.69,26.37,26.49,26.85,28.17,28.87,28.57,27.50,26.61,26.68,27.77,28.46,28.08,27.98,25.87,25.90,26.76,24.93,24.54,24.67,25.47,26.00,26.61,27.25,27.15,24.52,25.56,26.24,26.09,25.27,25.34,24.94,24.95,25.54,25.45,25.05,24.87
Other advanced economies (Advanced economies excluding G7 and euro area),Gross national savings,Percent of GDP,25.61,24.89,24.07,24.71,26.95,26.84,27.72,28.49,30.00,29.97,29.25,28.12,27.42,28.22,28.76,29.06,28.68,29.20,29.12,28.91,30.10,28.90,28.35,29.32,30.01,30.31,31.30,31.09,30.47,28.83,30.98,30.50,30.35,30.43,30.57,30.84,30.32,30.40,30.29,29.90,29.35
Other advanced economies (Advanced economies excluding G7 and euro area),"Inflation, average consumer prices",Percent change,24.98,16.12,12.78,11.45,17.25,15.17,5.86,5.29,5.65,6.11,6.58,6.27,3.89,3.65,3.84,4.00,3.57,2.78,3.04,0.91,2.13,2.46,1.65,1.66,1.93,2.06,2.17,2.05,4.26,1.45,2.26,2.97,1.99,1.58,1.45,0.55,0.92,1.53,1.58,1.18,1.37
Other advanced economies (Advanced economies excluding G7 and euro area),Trade volume of goods and services,Percent change,,,,,,,,,,,,,,,,,,,,,,,,,,,,,,,,,,,,,,,,,
Other advanced economies (Advanced economies excluding G7 and euro area),Volume of imports of goods and services,Percent change,n/a,2.61,0.39,0.17,8.50,2.92,12.90,11.17,13.96,8.30,7.44,6.52,7.48,5.14,12.62,13.71,7.87,7.82,-2.41,6.75,14.46,-3.56,5.87,7.28,13.45,8.63,8.76,8.68,4.26,-9.40,15.04,7.82,4.04,4.20,1.20,2.15,2.27,5.78,2.88,-1.01,2.55
Other advanced economies (Advanced economies excluding G7 and euro area),Volume of imports of goods,Percent change,n/a,4.26,2.12,2.28,10.21,4.11,9.54,10.46,14.15,8.26,6.74,6.63,6.93,7.06,13.31,13.50,7.49,9.23,-3.47,6.95,15.67,-4.98,6.58,8.46,13.91,8.75,9.11,8.75,4.21,-10.82,17.03,8.65,3.05,4.04,0.03,0.78,1.39,5.87,3.41,-1.21,2.34
Other advanced economies (Advanced economies excluding G7 and euro area),Volume of exports of goods and services,Percent change,n/a,4.99,0.00,4.02,10.52,4.32,12.45,13.04,11.77,4.17,6.37,7.31,8.14,5.73,10.47,12.66,7.72,9.10,2.12,7.95,14.54,-1.29,5.63,7.69,13.77,8.23,9.06,8.36,4.05,-6.80,13.46,7.02,4.47,5.03,2.00,2.20,1.93,4.10,3.23,-0.29,2.57
Other advanced economies (Advanced economies excluding G7 and euro area),Volume of exports of goods,Percent change,n/a,7.75,1.55,9.23,12.95,5.69,9.74,12.57,11.70,4.30,5.30,8.42,8.36,8.26,11.25,13.55,6.94,11.54,1.96,7.94,15.36,-1.55,6.72,9.51,14.18,8.32,9.06,7.39,3.53,-7.63,15.06,7.62,4.25,4.81,0.97,0.99,1.19,4.49,3.02,-1.44,2.47
Other advanced economies (Advanced economies excluding G7 and euro area),Terms of trade of goods and services,Percent change,n/a,-0.23,0.75,1.35,0.13,-1.02,1.78,-0.17,0.86,1.91,0.65,0.12,-0.03,0.80,-0.02,-0.04,0.64,-0.48,-0.18,-1.05,-0.69,-0.85,0.72,0.20,-0.34,-0.07,-0.36,0.21,-0.78,-0.53,1.40,-0.39,-0.87,0.69,-0.43,1.39,0.26,0.78,-0.65,-0.87,-0.94
Other advanced economies (Advanced economies excluding G7 and euro area),Unemployment rate,Percent of total labor force,4.18,4.18,4.58,5.27,4.97,4.70,4.34,3.86,3.52,3.53,3.71,4.44,5.06,5.61,5.01,4.52,4.68,4.87,6.19,6.07,5.08,5.19,5.19,5.44,5.29,5.06,4.63,4.15,4.00,5.31,5.20,4.72,4.65,4.62,4.63,4.51,4.41,4.19,4.01,4.08,4.14
Other advanced economies (Advanced economies excluding G7 and euro area),Employment,"Index, 2000=100",67.07,68.20,69.37,69.85,70.89,72.62,74.89,77.39,79.20,81.09,82.54,83.64,84.25,84.72,86.75,88.92,90.61,91.73,90.63,91.66,93.99,95.09,96.41,96.87,98.44,100.00,102.17,104.50,106.42,105.82,107.05,109.07,110.69,112.15,114.03,115.60,117.10,118.67,120.13,120.87,121.56
European Union,"Gross domestic product, constant prices",Percent change,1.27,-0.02,0.76,2.02,2.45,2.46,2.72,2.95,4.10,3.45,2.49,1.16,0.95,-0.18,2.82,2.76,2.06,2.94,3.01,2.98,3.82,2.32,1.45,1.45,2.78,2.28,3.57,3.28,0.78,-4.23,2.05,1.84,-0.38,0.29,1.87,2.50,2.08,2.75,2.20,1.53,1.64
European Union,"Gross domestic product, constant prices",Percent change (market exchange rates),,,,,,,,,,,,,,,,,,,,,,,,,,,,,,,,,,,,,,,,,
European Union,Investment,Percent of GDP,26.01,23.60,23.24,22.86,23.23,23.09,22.87,23.19,24.32,25.06,25.00,23.56,22.51,20.93,21.32,21.74,21.29,21.24,21.97,22.09,22.70,22.12,21.32,21.28,21.43,21.67,22.59,23.45,23.07,19.85,20.47,20.97,19.73,19.42,19.90,20.25,20.47,20.88,21.25,21.18,21.28
European Union,Gross national savings,Percent of GDP,22.51,20.87,20.65,20.85,21.34,21.39,22.03,21.73,22.71,23.19,22.72,21.87,20.98,20.50,21.15,21.96,21.77,22.28,22.47,22.05,21.94,21.86,21.53,21.40,21.95,21.73,22.41,22.88,21.77,19.71,20.43,21.39,20.92,20.95,21.45,21.96,22.42,23.26,23.30,23.22,23.18
European Union,"Inflation, average consumer prices",Percent change,12.62,12.16,13.91,8.72,9.33,6.06,4.10,4.08,5.82,14.40,27.49,13.59,10.31,16.89,7.81,5.12,4.88,10.74,3.12,2.37,3.23,3.16,2.51,2.24,2.36,2.32,2.34,2.39,3.71,0.96,1.98,3.08,2.64,1.54,0.54,0.10,0.23,1.74,1.93,1.55,1.69
European Union,Trade volume of goods and services,Percent change,,,,,,,,,,,,,,,,,,,,,,,,,,,,,,,,,,,,,,,,,
European Union,Volume of imports of goods and services,Percent change,,,,,,,,,,,,,,,,,,,,,,,,,,,,,,,,,,,,,,,,,
European Union,Volume of imports of goods,Percent change,,,,,,,,,,,,,,,,,,,,,,,,,,,,,,,,,,,,,,,,,
European Union,Volume of exports of goods and services,Percent change,,,,,,,,,,,,,,,,,,,,,,,,,,,,,,,,,,,,,,,,,
European Union,Volume of exports of goods,Percent change,,,,,,,,,,,,,,,,,,,,,,,,,,,,,,,,,,,,,,,,,
European Union,Terms of trade of goods and services,Percent change,,,,,,,,,,,,,,,,,,,,,,,,,,,,,,,,,,,,,,,,,
European Union,Unemployment rate,Percent of total labor force,,,,,,,,,,,,,,,,,,,,,,,,,,,,,,,,,,,,,,,,,
European Union,Employment,"Index, 2000=100",,,,,,,,,,,,,,,,,,,,,,,,,,,,,,,,,,,,,,,,,
Emerging market and developing economies,"Gross domestic product, constant prices",Percent change,3.32,1.63,1.15,2.06,4.01,3.48,4.30,4.17,4.37,3.49,4.13,4.36,2.29,3.10,3.10,3.87,4.93,4.66,2.27,3.52,5.77,3.60,4.59,6.94,7.90,7.20,7.98,8.43,5.67,2.82,7.42,6.40,5.35,5.10,4.71,4.29,4.59,4.76,4.52,3.92,4.55
Emerging market and developing economies,"Gross domestic product, constant prices",Percent change (market exchange rates),,,,,,,,,,,,,,,,,,,,,,,,,,,,,,,,,,,,,,,,,
Emerging market and developing economies,Investment,Percent of GDP,26.85,26.85,25.76,24.45,24.36,24.60,23.59,23.64,25.14,26.25,18.45,19.15,24.46,24.67,25.02,25.01,24.64,24.64,24.04,23.43,24.20,24.87,24.87,26.12,27.59,27.19,27.74,29.53,30.58,30.79,31.72,32.36,32.49,32.45,32.53,32.73,31.92,32.48,33.02,32.67,32.68
Emerging market and developing economies,Gross national savings,Percent of GDP,24.95,24.03,21.68,20.93,21.22,21.08,19.89,21.32,22.17,23.40,24.21,22.35,21.96,22.64,22.42,23.24,23.18,23.21,22.30,23.19,25.33,25.26,25.99,27.93,29.68,30.74,32.08,32.81,33.63,31.82,32.84,33.71,33.51,32.87,32.91,32.25,31.70,32.35,32.93,32.56,32.25
Emerging market and developing economies,"Inflation, average consumer prices",Percent change,26.60,23.51,26.52,29.49,32.01,32.98,30.82,39.51,57.13,67.09,79.93,43.91,118.07,118.71,89.69,39.25,19.79,12.91,13.37,13.48,8.53,8.02,6.55,6.54,5.97,6.04,5.89,6.54,9.21,5.22,5.72,7.12,5.81,5.50,4.67,4.67,4.28,4.28,4.78,4.74,4.76
Emerging market and developing economies,Trade volume of goods and services,Percent change,,,,,,,,,,,,,,,,,,,,,,,,,,,,,,,,,,,,,,,,,
Emerging market and developing economies,Volume of imports of goods and services,Percent change,n/a,n/a,n/a,n/a,-1.03,-5.20,-5.69,3.13,5.61,8.66,10.71,11.53,8.04,7.54,6.41,10.12,6.53,11.16,0.80,-2.02,14.06,3.74,6.31,11.66,16.48,12.02,12.88,15.96,10.15,-9.25,14.87,10.65,5.44,5.14,4.31,-0.88,1.76,7.49,5.10,0.66,4.32
Emerging market and developing economies,Volume of imports of goods,Percent change,11.39,10.50,-6.20,-3.01,0.92,-3.98,-2.47,2.96,9.57,7.89,14.24,10.95,7.73,8.97,8.17,10.82,8.15,11.13,1.53,-1.97,14.12,4.17,6.47,12.42,16.52,12.04,12.33,16.32,10.77,-10.69,15.30,11.40,5.16,4.74,2.66,-0.71,2.24,7.85,4.98,0.39,4.69
Emerging market and developing economies,Volume of exports of goods and services,Percent change,-2.38,1.75,-4.49,-2.07,3.00,-2.89,3.55,5.73,9.63,7.77,6.29,6.25,8.77,7.82,7.69,10.78,5.75,8.47,4.82,0.42,13.02,3.50,7.20,13.07,15.36,11.96,11.20,10.06,5.62,-8.10,14.72,7.90,3.50,4.72,3.33,1.41,2.98,7.29,3.93,1.86,4.13
Emerging market and developing economies,Volume of exports of goods,Percent change,-4.07,2.59,-5.96,-2.64,3.77,-1.11,3.72,6.22,11.54,8.69,7.13,7.35,9.83,8.64,7.22,10.02,6.02,8.60,6.19,2.70,14.16,3.37,7.25,13.69,14.80,11.69,10.49,9.36,5.00,-8.51,15.39,8.01,3.87,4.67,2.65,1.15,2.87,7.01,3.82,1.52,3.95
Emerging market and developing economies,Terms of trade of goods and services,Percent change,27.24,2.25,-4.12,-5.16,2.15,-1.70,-18.32,4.13,-5.54,2.44,1.61,-4.45,-0.95,-0.76,1.09,0.68,2.60,0.00,-4.87,5.00,7.40,-2.32,0.73,0.53,1.86,4.45,3.37,1.86,3.41,-5.65,2.32,3.59,0.65,-0.60,-0.65,-4.20,-1.60,0.80,1.47,-1.27,-1.14
Emerging market and developing economies,Unemployment rate,Percent of total labor force,,,,,,,,,,,,,,,,,,,,,,,,,,,,,,,,,,,,,,,,,
Emerging market and developing economies,Employment,"Index, 2000=100",,,,,,,,,,,,,,,,,,,,,,,,,,,,,,,,,,,,,,,,,
Emerging and developing Asia,"Gross domestic product, constant prices",Percent change,6.41,5.86,5.10,7.03,7.55,6.69,6.23,7.22,9.42,6.29,5.87,6.19,8.87,9.09,9.33,8.91,8.42,6.13,2.82,6.52,6.50,6.06,6.69,8.31,8.48,9.30,10.12,11.24,7.30,7.61,9.62,7.85,6.99,6.90,6.81,6.78,6.72,6.59,6.40,5.92,5.97
Emerging and developing Asia,"Gross domestic product, constant prices",Percent change (market exchange rates),,,,,,,,,,,,,,,,,,,,,,,,,,,,,,,,,,,,,,,,,
Emerging and developing Asia,Investment,Percent of GDP,28.97,29.52,28.78,28.47,28.24,30.56,28.98,29.44,31.70,32.71,32.30,32.49,33.96,35.38,34.33,34.90,34.10,33.05,29.98,29.01,29.58,30.98,31.50,34.02,36.62,36.45,36.30,37.35,38.53,40.63,42.00,42.96,42.69,42.31,42.07,40.51,39.65,40.07,40.56,39.53,39.05
Emerging and developing Asia,Gross national savings,Percent of GDP,23.56,23.80,23.93,23.77,24.07,24.53,24.29,25.88,27.02,28.14,29.98,29.52,29.75,32.32,32.46,32.55,32.32,32.77,32.25,30.63,30.96,32.23,33.39,36.32,38.79,39.47,41.43,43.31,44.22,44.01,44.46,43.87,43.70,43.07,43.57,42.46,41.03,41.05,40.43,39.92,39.25
Emerging and developing Asia,"Inflation, average consumer prices",Percent change,n/a,10.87,7.92,8.60,8.82,8.90,10.00,10.39,14.19,11.14,7.88,9.68,8.15,10.13,14.41,12.02,8.12,4.74,10.63,3.95,1.99,3.26,2.53,3.02,4.21,3.96,4.55,5.48,7.55,3.12,5.33,6.52,4.58,4.62,3.43,2.67,2.78,2.42,2.64,2.71,2.96
Emerging and developing Asia,Trade volume of goods and services,Percent change,,,,,,,,,,,,,,,,,,,,,,,,,,,,,,,,,,,,,,,,,
Emerging and developing Asia,Volume of imports of goods and services,Percent change,9.54,13.43,2.48,6.63,-3.46,-3.52,-0.38,12.86,7.85,17.66,16.72,7.41,10.33,10.28,20.42,20.10,6.24,3.34,-5.98,2.98,20.16,3.37,12.34,17.93,20.88,13.22,12.71,12.91,7.61,-2.72,19.60,11.93,5.86,6.38,5.94,0.50,4.83,9.40,7.66,0.25,4.65
Emerging and developing Asia,Volume of imports of goods,Percent change,7.59,15.96,4.50,9.10,-3.14,-4.09,2.28,11.94,16.08,15.81,17.22,7.02,9.61,9.48,21.98,19.23,6.10,2.37,-6.80,3.87,18.33,4.17,12.65,19.66,20.14,12.44,12.00,12.59,8.49,-3.47,19.26,12.21,5.60,6.09,3.82,0.25,5.05,9.97,7.49,-0.12,5.12
Emerging and developing Asia,Volume of exports of goods and services,Percent change,8.14,-7.94,-3.92,7.96,10.36,-1.26,10.06,6.19,15.25,14.80,8.21,12.85,11.68,9.81,15.53,14.38,4.30,10.10,6.06,0.68,18.86,3.15,14.63,18.62,21.54,17.19,19.00,15.16,7.78,-9.00,22.84,10.38,4.31,6.99,4.43,-1.30,2.84,9.61,4.75,2.81,4.13
Emerging and developing Asia,Volume of exports of goods,Percent change,5.57,-9.59,-2.95,7.78,11.53,-1.96,9.46,14.19,9.65,14.12,7.81,13.95,13.23,9.83,15.94,13.49,4.95,12.86,10.56,2.61,20.58,3.30,14.67,20.22,19.56,16.72,18.61,14.05,6.65,-9.45,23.73,10.39,5.06,7.71,4.62,-1.69,2.94,9.40,4.67,2.48,4.04
Emerging and developing Asia,Terms of trade of goods and services,Percent change,-0.58,15.51,1.42,-1.84,2.48,-2.17,-11.32,5.74,-6.00,1.51,1.73,-0.26,0.92,0.06,1.17,2.20,2.00,-2.04,-0.26,1.40,-1.23,-0.74,-1.14,-1.45,-1.64,-0.56,-0.48,-0.15,-2.23,2.87,-4.80,-2.71,1.46,0.82,2.00,6.62,-0.15,-3.09,-1.33,0.02,-0.21
Emerging and developing Asia,Unemployment rate,Percent of total labor force,,,,,,,,,,,,,,,,,,,,,,,,,,,,,,,,,,,,,,,,,
Emerging and developing Asia,Employment,"Index, 2000=100",,,,,,,,,,,,,,,,,,,,,,,,,,,,,,,,,,,,,,,,,
Emerging and developing Europe,"Gross domestic product, constant prices",Percent change,-0.97,-0.64,1.31,4.55,4.05,2.46,4.35,5.06,1.66,0.22,-0.33,-5.59,-8.95,-4.62,-8.41,-0.33,0.27,2.94,-0.84,2.84,7.48,2.55,4.77,6.17,7.76,6.26,7.42,7.23,4.35,-5.74,4.44,5.81,2.97,3.12,1.90,0.77,1.83,3.92,3.06,1.76,2.53
Emerging and developing Europe,"Gross domestic product, constant prices",Percent change (market exchange rates),,,,,,,,,,,,,,,,,,,,,,,,,,,,,,,,,,,,,,,,,
Emerging and developing Europe,Investment,Percent of GDP,n/a,n/a,n/a,n/a,26.42,27.30,27.89,27.82,28.36,26.42,0.26,-0.99,16.22,14.57,18.59,21.44,21.10,20.99,20.00,19.76,21.52,20.51,20.20,21.10,22.32,22.22,23.71,25.58,26.31,20.58,23.00,25.71,24.92,24.20,23.65,23.64,23.84,24.76,23.95,23.47,23.78
Emerging and developing Europe,Gross national savings,Percent of GDP,25.49,23.97,25.23,23.23,22.50,24.21,24.27,24.78,26.29,24.70,24.05,20.54,23.06,21.88,18.73,20.70,20.54,19.00,18.58,20.51,24.03,23.29,22.11,21.93,23.00,23.76,24.11,23.69,24.78,20.25,22.17,24.82,24.28,22.85,23.38,24.62,23.45,24.17,25.85,25.22,24.40
Emerging and developing Europe,"Inflation, average consumer prices",Percent change,29.37,17.30,37.03,17.23,32.97,18.22,16.42,20.51,40.56,70.81,132.92,87.06,670.08,515.50,220.16,132.39,49.57,38.07,35.07,56.59,27.92,24.40,17.34,12.73,9.12,9.70,8.01,7.97,12.02,8.80,6.46,7.90,6.25,5.59,6.47,10.49,5.51,5.38,6.15,6.79,5.59
Emerging and developing Europe,Trade volume of goods and services,Percent change,,,,,,,,,,,,,,,,,,,,,,,,,,,,,,,,,,,,,,,,,
Emerging and developing Europe,Volume of imports of goods and services,Percent change,n/a,n/a,n/a,n/a,n/a,n/a,n/a,n/a,10.19,3.95,14.07,-7.88,8.37,12.08,-2.75,12.06,4.42,14.46,-1.74,-8.11,16.52,2.90,10.59,13.28,15.07,9.34,17.34,21.61,11.17,-21.57,16.77,12.69,2.29,2.26,-0.90,-6.75,3.81,11.41,3.13,2.20,5.93
Emerging and developing Europe,Volume of imports of goods,Percent change,7.08,9.46,-6.92,8.72,12.81,6.95,-1.28,8.79,8.34,5.31,23.20,3.14,8.55,14.04,-4.71,11.70,14.16,14.87,-0.31,-10.08,19.14,3.62,11.57,14.96,15.78,11.01,17.86,23.36,11.17,-23.23,16.76,13.70,1.43,1.05,-1.11,-6.81,5.20,10.84,2.58,1.82,6.20
Emerging and developing Europe,Volume of exports of goods and services,Percent change,n/a,n/a,n/a,n/a,n/a,n/a,n/a,n/a,n/a,n/a,n/a,-2.49,7.13,3.34,3.45,9.85,6.61,8.79,4.98,-5.63,13.39,6.69,7.00,11.68,12.49,7.15,9.67,9.29,6.57,-8.37,10.70,4.64,2.68,4.00,3.04,1.96,4.44,8.62,5.72,3.33,4.35
Emerging and developing Europe,Volume of exports of goods,Percent change,0.69,16.13,5.56,3.82,17.64,2.15,-10.51,14.27,8.74,-3.61,-5.59,1.87,3.71,1.07,3.60,7.53,4.41,7.45,6.05,-1.89,13.02,7.00,9.30,12.39,12.49,6.56,8.78,8.83,3.26,-7.23,11.50,2.87,2.63,2.63,2.43,5.50,5.26,6.97,4.37,3.76,3.88
Emerging and developing Europe,Terms of trade of goods and services,Percent change,n/a,n/a,n/a,n/a,n/a,n/a,n/a,n/a,n/a,n/a,n/a,-1.37,7.55,1.23,4.21,-1.55,-4.18,0.90,-5.63,3.13,9.74,-2.32,-0.42,0.78,3.98,4.71,4.35,3.87,5.51,-11.09,3.69,8.32,1.03,-3.00,-1.06,-7.25,-4.36,1.85,3.40,-1.64,-1.00
Emerging and developing Europe,Unemployment rate,Percent of total labor force,,,,,,,,,,,,,,,,,,,,,,,,,,,,,,,,,,,,,,,,,
Emerging and developing Europe,Employment,"Index, 2000=100",,,,,,,,,,,,,,,,,,,,,,,,,,,,,,,,,,,,,,,,,
ASEAN-5,"Gross domestic product, constant prices",Percent change,6.90,6.25,3.86,4.39,4.61,1.74,5.34,6.41,8.46,9.22,8.48,7.43,6.75,7.66,7.56,8.08,7.48,3.75,-8.28,2.92,5.46,3.33,5.08,5.68,5.98,5.31,5.49,6.24,5.35,2.43,6.91,4.72,6.20,5.06,4.62,4.88,4.99,5.34,5.25,4.82,4.92
ASEAN-5,"Gross domestic product, constant prices",Percent change (market exchange rates),,,,,,,,,,,,,,,,,,,,,,,,,,,,,,,,,,,,,,,,,
ASEAN-5,Investment,Percent of GDP,29.68,34.44,33.30,33.76,28.73,30.22,28.04,28.69,31.58,36.49,38.30,39.03,36.74,33.80,35.03,36.09,35.63,34.03,22.85,19.12,24.48,24.99,25.04,26.41,26.37,27.47,26.57,26.43,28.58,25.57,28.62,28.61,29.61,29.00,28.43,28.05,28.26,28.63,29.15,29.11,29.65
ASEAN-5,Gross national savings,Percent of GDP,19.61,21.13,18.47,18.17,18.26,19.10,18.32,20.49,22.25,25.19,28.49,26.84,26.96,27.57,28.18,28.38,28.55,28.72,28.12,23.46,27.67,27.21,26.86,28.37,27.66,27.34,28.88,28.65,30.77,30.49,31.35,31.18,29.77,28.64,29.32,29.34,30.05,30.32,29.39,29.49,29.71
ASEAN-5,"Inflation, average consumer prices",Percent change,17.43,14.84,11.91,9.87,16.32,11.14,14.88,15.70,16.73,10.38,9.04,12.40,8.08,7.02,7.40,7.96,6.90,5.34,28.34,10.42,2.60,6.39,6.24,4.19,4.80,7.59,8.59,4.71,9.26,3.16,4.52,5.79,3.80,4.56,4.56,3.19,2.36,3.09,2.80,2.45,2.62
ASEAN-5,Trade volume of goods and services,Percent change,,,,,,,,,,,,,,,,,,,,,,,,,,,,,,,,,,,,,,,,,
ASEAN-5,Volume of imports of goods and services,Percent change,7.33,15.60,1.27,7.56,-5.14,-7.40,-1.93,18.51,6.64,23.98,21.46,14.16,7.35,12.27,20.07,21.47,6.26,0.99,-16.36,-4.96,22.24,-5.20,5.30,7.20,16.68,12.58,6.22,7.21,10.16,-16.95,16.41,8.50,7.05,3.55,2.19,1.99,5.18,11.94,9.05,2.42,7.09
ASEAN-5,Volume of imports of goods,Percent change,4.89,19.22,2.93,11.24,-5.60,-10.68,-0.10,19.92,19.74,22.24,23.68,14.23,5.73,10.90,21.63,21.14,5.16,-0.06,-19.22,-3.45,18.19,-5.16,5.81,8.27,18.54,12.20,6.71,6.70,9.69,-18.13,18.70,8.69,7.82,4.32,1.81,1.78,5.13,13.95,9.44,2.03,7.79
ASEAN-5,Volume of exports of goods and services,Percent change,8.05,-12.45,-6.93,8.70,12.15,-1.50,13.31,6.83,18.68,16.51,9.12,15.21,12.68,9.58,16.67,15.05,4.18,9.43,3.66,-4.80,15.06,-3.85,5.90,6.74,14.85,7.16,9.03,3.44,2.25,-8.26,10.16,8.47,2.67,3.21,4.14,2.20,4.91,11.18,6.13,2.69,5.89
ASEAN-5,Volume of exports of goods,Percent change,7.07,-14.16,-7.16,8.99,14.01,-2.94,11.71,17.87,11.26,16.01,8.98,16.88,12.93,8.83,17.25,14.10,4.93,13.17,4.49,0.47,16.89,-3.25,5.49,8.61,14.41,6.36,8.73,2.74,2.64,-9.95,12.61,8.12,2.89,2.84,4.48,1.34,3.88,12.58,7.03,1.86,6.13
ASEAN-5,Terms of trade of goods and services,Percent change,1.08,19.44,1.74,-3.16,2.04,-2.33,-13.47,8.39,-8.95,2.50,2.14,-0.86,-0.11,-0.05,1.47,2.71,2.64,-2.95,-1.58,5.34,1.20,-3.29,-0.53,0.09,1.38,0.99,1.34,3.34,3.46,-2.86,2.02,-1.92,0.15,-0.10,0.69,1.05,1.13,0.10,-0.33,-0.03,0.47
ASEAN-5,Unemployment rate,Percent of total labor force,,,,,,,,,,,,,,,,,,,,,,,,,,,,,,,,,,,,,,,,,
ASEAN-5,Employment,"Index, 2000=100",,,,,,,,,,,,,,,,,,,,,,,,,,,,,,,,,,,,,,,,,
Latin America and the Caribbean,"Gross domestic product, constant prices",Percent change,6.46,0.85,-0.46,-2.80,3.94,3.26,4.30,3.32,1.07,1.13,0.59,3.86,3.31,4.13,4.95,1.23,3.13,5.35,2.51,0.14,3.69,0.61,0.39,2.02,6.15,4.40,5.47,5.60,3.96,-1.99,6.15,4.63,2.91,2.89,1.33,0.32,-0.61,1.21,1.05,0.20,1.84
Latin America and the Caribbean,"Gross domestic product, constant prices",Percent change (market exchange rates),,,,,,,,,,,,,,,,,,,,,,,,,,,,,,,,,,,,,,,,,
Latin America and the Caribbean,Investment,Percent of GDP,24.34,24.43,22.56,18.21,18.67,19.60,18.52,20.82,21.14,21.05,18.74,19.49,19.95,21.32,22.56,20.11,19.24,20.39,21.08,19.56,20.25,19.56,19.13,18.73,19.94,19.83,20.79,22.05,23.22,20.42,21.91,22.31,22.37,22.25,21.52,21.08,18.47,18.47,19.65,19.38,19.50
Latin America and the Caribbean,Gross national savings,Percent of GDP,21.40,19.98,17.55,17.28,17.97,19.29,17.11,20.30,20.42,21.38,18.77,17.48,16.59,17.26,18.18,18.19,17.03,17.27,16.94,16.71,18.03,17.10,18.43,19.35,20.94,21.14,22.27,22.36,22.33,19.47,20.43,20.60,19.81,19.06,17.84,16.43,16.86,16.70,17.74,17.83,17.96
Latin America and the Caribbean,"Inflation, average consumer prices",Percent change,52.48,54.66,65.47,94.94,102.31,119.37,96.59,139.63,255.01,339.04,487.91,144.87,198.68,284.92,292.43,41.61,20.75,12.51,9.48,9.71,8.90,6.97,6.50,9.29,6.06,5.40,4.18,4.17,6.41,4.56,4.23,5.18,4.61,4.59,4.91,5.52,5.59,6.02,6.20,7.22,6.73
Latin America and the Caribbean,Trade volume of goods and services,Percent change,,,,,,,,,,,,,,,,,,,,,,,,,,,,,,,,,,,,,,,,,
Latin America and the Caribbean,Volume of imports of goods and services,Percent change,n/a,n/a,n/a,n/a,n/a,0.15,2.04,4.66,10.80,3.68,9.91,14.21,17.04,15.11,15.21,3.00,8.45,20.81,10.02,-4.10,12.94,0.93,-5.36,2.10,12.13,9.61,11.83,12.67,7.95,-14.59,20.62,10.59,4.03,3.53,0.44,-1.57,-2.47,4.70,4.43,-0.70,3.15
Latin America and the Caribbean,Volume of imports of goods,Percent change,n/a,n/a,n/a,n/a,n/a,1.33,4.43,5.68,14.54,5.52,8.81,17.32,17.22,16.03,17.36,4.11,9.24,21.77,10.53,-2.90,13.56,0.87,-5.05,1.99,12.69,9.51,12.22,12.83,9.19,-16.65,21.82,10.36,3.72,3.05,0.49,-1.36,-2.91,4.99,5.85,-0.73,3.12
Latin America and the Caribbean,Volume of exports of goods and services,Percent change,n/a,n/a,n/a,6.74,6.72,0.10,-0.10,4.29,10.46,5.47,3.99,3.18,7.25,7.95,10.35,13.79,8.03,10.18,6.74,3.83,8.97,1.95,1.47,4.88,10.97,7.69,5.58,2.97,0.12,-9.38,10.50,5.83,3.02,1.24,1.41,4.26,3.13,4.97,3.62,0.96,3.67
Latin America and the Caribbean,Volume of exports of goods,Percent change,n/a,n/a,n/a,4.12,8.11,6.00,0.67,6.71,18.22,6.77,5.02,4.71,7.82,12.62,9.73,14.03,8.83,10.34,6.64,3.62,9.00,2.34,1.25,4.95,11.67,7.84,5.82,2.53,0.25,-9.87,11.50,6.40,2.75,1.01,1.12,3.71,2.35,5.14,3.96,0.67,3.69
Latin America and the Caribbean,Terms of trade of goods and services,Percent change,n/a,n/a,n/a,-5.18,0.96,-5.18,-12.63,3.97,-2.79,0.22,3.13,-4.09,-3.45,3.33,4.08,4.02,1.07,3.01,-2.61,1.54,6.98,-3.56,1.00,2.45,2.33,3.51,6.55,3.27,3.30,-6.39,11.99,3.80,-2.29,-1.02,-2.49,-7.88,0.13,2.61,-0.56,-1.25,-1.24
Latin America and the Caribbean,Unemployment rate,Percent of total labor force,,,,,,,,,,,,,,,,,,,,,,,,,,,,,,,,,,,,,,,,,
Latin America and the Caribbean,Employment,"Index, 2000=100",,,,,,,,,,,,,,,,,,,,,,,,,,,,,,,,,,,,,,,,,
Middle East and Central Asia,"Gross domestic product, constant prices",Percent change,-2.18,-1.15,-1.01,1.91,-0.45,0.54,1.90,0.64,2.51,4.18,9.24,7.92,4.84,0.79,1.36,1.52,4.47,2.66,3.62,2.19,5.65,2.17,3.70,10.33,8.79,6.25,6.44,5.79,4.30,1.15,4.89,4.57,4.90,3.02,3.12,2.62,5.01,2.34,1.89,0.90,2.90
Middle East and Central Asia,"Gross domestic product, constant prices",Percent change (market exchange rates),,,,,,,,,,,,,,,,,,,,,,,,,,,,,,,,,,,,,,,,,
Middle East and Central Asia,Investment,Percent of GDP,26.56,25.63,25.22,27.16,25.83,22.86,21.79,19.13,21.01,24.43,27.19,30.90,24.50,23.19,21.97,22.24,22.81,22.92,24.90,24.05,24.96,27.29,24.91,25.85,26.08,25.54,25.79,29.56,30.24,31.39,29.11,26.34,25.80,25.92,25.57,27.19,26.51,28.63,27.12,27.69,28.69
Middle East and Central Asia,Gross national savings,Percent of GDP,36.05,34.87,26.52,22.67,22.84,19.04,17.10,17.18,18.27,21.70,26.95,24.51,21.22,20.02,19.98,22.51,24.43,24.43,21.75,25.23,31.14,30.06,27.98,31.27,32.73,37.37,38.69,38.92,40.41,31.85,34.17,38.50,36.90,35.15,31.41,23.69,23.16,27.59,29.73,27.34,27.32
Middle East and Central Asia,"Inflation, average consumer prices",Percent change,11.96,11.49,9.92,9.48,7.70,6.41,11.87,14.98,12.02,10.26,7.15,13.95,17.04,36.85,37.03,25.88,13.11,8.24,6.57,5.74,3.83,3.80,4.98,5.22,6.08,7.20,8.25,10.43,12.33,7.22,6.71,9.24,9.36,8.84,6.62,5.53,5.50,6.72,9.89,8.19,9.13
Middle East and Central Asia,Trade volume of goods and services,Percent change,,,,,,,,,,,,,,,,,,,,,,,,,,,,,,,,,,,,,,,,,
Middle East and Central Asia,Volume of imports of goods and services,Percent change,7.96,15.34,2.09,1.43,-4.82,-10.48,-17.00,-6.33,-4.81,10.48,9.37,20.56,0.73,-3.53,-11.55,2.48,7.90,8.32,1.67,-0.34,7.44,8.07,7.05,9.52,15.16,14.00,9.92,19.38,16.15,-4.72,-0.51,5.37,9.57,7.43,7.99,0.88,-1.14,3.26,-0.99,0.65,2.48
Middle East and Central Asia,Volume of imports of goods,Percent change,9.89,16.05,7.79,3.94,-6.94,-10.49,-14.14,-8.72,-0.97,6.77,19.99,13.36,-1.08,-0.05,-8.60,6.12,4.91,5.42,5.86,-2.02,6.41,9.91,6.05,8.48,16.24,13.94,7.59,20.77,17.48,-5.65,-1.01,7.02,10.58,7.47,3.93,1.66,-0.18,4.33,-1.93,0.68,2.85
Middle East and Central Asia,Volume of exports of goods and services,Percent change,-10.83,5.38,-9.87,-12.68,-5.33,-8.78,8.07,3.77,6.94,9.91,12.58,6.67,10.16,10.52,1.40,2.67,2.88,5.62,1.11,0.61,9.07,3.02,0.86,14.46,11.51,10.56,5.54,7.47,5.71,-6.07,6.53,9.23,3.36,3.30,3.09,4.90,2.86,1.54,-0.30,-2.13,3.81
Middle East and Central Asia,Volume of exports of goods,Percent change,-14.36,3.91,-14.01,-12.63,-5.70,-10.78,8.47,-2.49,9.27,13.34,14.18,7.17,13.55,10.46,-0.47,2.61,4.28,4.12,-0.33,5.94,12.76,1.89,0.52,14.13,11.57,9.73,4.07,7.05,8.12,-7.84,6.55,10.90,4.07,2.89,0.17,2.24,2.09,1.54,0.04,-3.14,3.47
Middle East and Central Asia,Terms of trade of goods and services,Percent change,38.06,1.03,-5.43,-8.47,0.76,-0.80,-36.23,5.49,-11.30,7.83,11.40,-9.31,-0.76,-6.37,-3.51,-3.11,11.73,-0.62,-15.78,21.25,24.81,-2.90,4.59,1.31,5.47,14.38,4.70,2.24,12.86,-15.78,6.36,11.96,1.01,-0.26,-4.33,-23.04,-5.37,9.25,9.46,-4.18,-3.98
Middle East and Central Asia,Unemployment rate,Percent of total labor force,,,,,,,,,,,,,,,,,,,,,,,,,,,,,,,,,,,,,,,,,
Middle East and Central Asia,Employment,"Index, 2000=100",,,,,,,,,,,,,,,,,,,,,,,,,,,,,,,,,,,,,,,,,
Sub-Saharan Africa,"Gross domestic product, constant prices",Percent change,n/a,n/a,n/a,n/a,n/a,n/a,n/a,n/a,n/a,n/a,n/a,-0.18,-0.07,1.58,1.72,3.69,4.90,3.53,2.40,2.31,4.01,4.89,6.55,5.01,7.11,6.31,6.01,6.71,5.81,3.85,7.12,5.29,4.68,5.19,5.11,3.13,1.38,2.95,3.22,3.22,3.59
Sub-Saharan Africa,"Gross domestic product, constant prices",Percent change (market exchange rates),,,,,,,,,,,,,,,,,,,,,,,,,,,,,,,,,,,,,,,,,
Sub-Saharan Africa,Investment,Percent of GDP,27.57,29.82,25.57,20.46,21.22,20.19,19.42,18.59,20.36,24.96,19.52,18.88,19.74,17.77,17.02,17.57,18.33,19.05,20.36,18.46,18.39,18.67,19.76,19.70,20.36,19.89,20.37,21.71,22.33,23.58,22.13,20.66,21.77,21.67,22.56,22.79,21.48,21.22,20.62,21.20,21.38
Sub-Saharan Africa,Gross national savings,Percent of GDP,18.55,16.37,13.12,16.39,15.67,15.82,15.10,15.58,15.42,15.73,16.23,14.64,14.83,13.17,13.54,13.71,14.70,16.74,16.07,15.98,18.99,16.87,18.05,18.57,20.90,23.14,24.00,22.73,22.04,20.35,20.88,20.32,20.00,19.50,19.30,17.27,18.02,18.97,17.97,17.58,17.55
Sub-Saharan Africa,"Inflation, average consumer prices",Percent change,n/a,n/a,n/a,n/a,n/a,n/a,n/a,n/a,n/a,n/a,n/a,n/a,n/a,n/a,n/a,n/a,39.13,16.89,9.68,13.42,16.40,14.47,10.96,11.39,9.35,9.57,7.51,5.35,12.90,9.75,8.07,9.31,9.16,6.55,6.36,6.93,10.85,10.88,8.45,8.38,8.04
Sub-Saharan Africa,Trade volume of goods and services,Percent change,,,,,,,,,,,,,,,,,,,,,,,,,,,,,,,,,,,,,,,,,
Sub-Saharan Africa,Volume of imports of goods and services,Percent change,n/a,n/a,n/a,n/a,n/a,n/a,n/a,n/a,n/a,n/a,n/a,7.52,0.47,2.76,5.39,13.70,3.55,8.87,7.83,-4.38,-2.41,9.50,5.45,7.95,9.58,14.58,10.73,17.38,12.14,-4.02,9.96,9.33,5.46,2.62,8.09,1.88,-7.80,0.37,7.35,3.87,4.65
Sub-Saharan Africa,Volume of imports of goods,Percent change,11.07,6.13,-9.83,-10.62,11.19,-4.33,4.46,3.52,10.60,0.74,-0.42,7.04,0.61,0.68,6.81,13.40,4.54,12.47,6.11,-0.95,-1.48,7.77,6.89,8.13,7.87,16.36,7.90,16.82,12.10,-6.27,11.35,11.59,5.25,3.38,7.93,5.20,-7.36,-2.11,5.24,3.90,4.93
Sub-Saharan Africa,Volume of exports of goods and services,Percent change,n/a,n/a,n/a,n/a,n/a,n/a,n/a,n/a,n/a,n/a,n/a,4.43,3.80,3.46,1.97,12.08,8.75,3.96,0.42,3.55,3.22,4.39,2.42,5.73,8.98,9.80,0.84,7.42,2.54,-4.90,6.06,0.48,1.71,3.79,1.20,3.29,-0.61,3.50,3.86,2.73,5.90
Sub-Saharan Africa,Volume of exports of goods,Percent change,n/a,n/a,n/a,n/a,n/a,n/a,-1.18,4.27,4.81,2.72,3.60,3.81,2.07,3.92,2.46,10.29,8.96,4.01,-0.70,4.37,3.62,3.24,0.00,5.61,9.84,12.00,-0.63,7.94,2.21,-5.40,6.39,0.30,1.33,3.86,0.66,1.98,-1.48,4.04,4.52,1.89,5.60
Sub-Saharan Africa,Terms of trade of goods and services,Percent change,n/a,n/a,n/a,n/a,n/a,n/a,n/a,n/a,n/a,n/a,n/a,-3.07,-5.24,-2.54,-1.72,-2.84,4.95,-1.93,-5.66,4.57,8.90,-4.41,2.05,3.48,5.30,8.84,8.41,3.50,6.94,-8.02,12.39,10.98,0.13,-2.71,-2.69,-13.57,-0.06,6.14,5.08,-4.38,-2.19
Sub-Saharan Africa,Unemployment rate,Percent of total labor force,,,,,,,,,,,,,,,,,,,,,,,,,,,,,,,,,,,,,,,,,
Sub-Saharan Africa,Employment,"Index, 2000=100",,,,,,,,,,,,,,,,,,,,,,,,,,,,,,,,,,,,,,,,,